{
    "LinearRegression": {
        "Y1": {
            "MSE": 0.09931102563205214,
            "R2": 0.9085551832835094
        },
        "Y2": {
            "MSE": 0.11839317071039815,
            "R2": 0.8862270316975982
        }
    },
    "Ridge": {
        "Y1": {
            "MSE": 0.10120650883806792,
            "R2": 0.906809837152401
        },
        "Y2": {
            "MSE": 0.11903914195206128,
            "R2": 0.8856062689867003
        }
    },
    "Lasso": {
        "Y1": {
            "MSE": 0.20680244511443616,
            "R2": 0.8095779238039779
        },
        "Y2": {
            "MSE": 0.18306755332478283,
            "R2": 0.8240765171112232
        }
    }
}